职位名称,公司名称,薪资范围,薪资最小值,薪资最大值,薪资平均值,城市,工作年限,学历要求,职位类型,职位标签,公司规模,公司行业,公司类型,发布时间,职位链接
Python开发高级工程师,在线教育平台,34k-49k,34,49,41.5,北京,5-10年,硕士,全职,Python|MySQL|Redis,2000人以上,教育,民营|上市公司,22小时前,https://www.lagou.com/jobs/example.html
Python开发架构师,电商平台,35k-46k,35,46,40.5,北京,不限,不限,全职,Python|MySQL|Redis,2000人以上,电商,民营|上市公司,19小时前,https://www.lagou.com/jobs/example.html
Python开发高级工程师,在线教育平台,33k-47k,33,47,40.0,北京,5-10年,硕士,全职,Python|MySQL|Redis,2000人以上,教育,民营|上市公司,6小时前,https://www.lagou.com/jobs/example.html
Python开发技术专家,SaaS服务商,32k-45k,32,45,38.5,北京,不限,不限,全职,Python|MySQL|Redis,150-500人,企业服务,民营|上市公司,1小时前,https://www.lagou.com/jobs/example.html
Python开发后端开发,大数据公司,31k-46k,31,46,38.5,北京,5-10年,硕士,全职,Python|MySQL|Redis,150-500人,大数据,民营|上市公司,7小时前,https://www.lagou.com/jobs/example.html
Python开发工程师,某知名互联网大厂,35k-41k,35,41,38.0,北京,5-10年,硕士,全职,Python|MySQL|Redis,2000人以上,互联网,民营|上市公司,9小时前,https://www.lagou.com/jobs/example.html
Python开发架构师,电商平台,31k-45k,31,45,38.0,北京,3-5年,大专,全职,Python|MySQL|Redis,2000人以上,电商,民营|上市公司,12小时前,https://www.lagou.com/jobs/example.html
Python开发技术专家,金融科技公司,33k-43k,33,43,38.0,北京,5-10年,硕士,全职,Python|MySQL|Redis,500-2000人,金融,民营|上市公司,14小时前,https://www.lagou.com/jobs/example.html
Python开发高级工程师,创新型AI科技公司,33k-41k,33,41,37.0,北京,3-5年,大专,全职,Python|MySQL|Redis,150-500人,人工智能,民营|上市公司,13小时前,https://www.lagou.com/jobs/example.html
Python开发架构师,电商平台,33k-41k,33,41,37.0,北京,不限,不限,全职,Python|MySQL|Redis,2000人以上,电商,民营|上市公司,22小时前,https://www.lagou.com/jobs/example.html
Python开发架构师,医疗健康科技公司,34k-40k,34,40,37.0,北京,1-3年,本科,全职,Python|MySQL|Redis,500-2000人,医疗,民营|上市公司,6小时前,https://www.lagou.com/jobs/example.html
Python开发后端开发,新兴互联网公司,29k-44k,29,44,36.5,北京,3-5年,大专,全职,Python|MySQL|Redis,50-150人,互联网,民营|上市公司,8小时前,https://www.lagou.com/jobs/example.html
Python开发技术专家,金融科技公司,33k-40k,33,40,36.5,北京,5-10年,硕士,全职,Python|MySQL|Redis,500-2000人,金融,民营|上市公司,24小时前,https://www.lagou.com/jobs/example.html
Python开发架构师,电商平台,33k-38k,33,38,35.5,北京,3-5年,大专,全职,Python|MySQL|Redis,2000人以上,电商,民营|上市公司,13小时前,https://www.lagou.com/jobs/example.html
Python开发技术专家,SaaS服务商,31k-38k,31,38,34.5,北京,不限,不限,全职,Python|MySQL|Redis,150-500人,企业服务,民营|上市公司,17小时前,https://www.lagou.com/jobs/example.html
Python开发工程师,智能制造企业,29k-40k,29,40,34.5,北京,不限,不限,全职,Python|MySQL|Redis,500-2000人,智能制造,民营|上市公司,21小时前,https://www.lagou.com/jobs/example.html
Python开发技术专家,SaaS服务商,31k-38k,31,38,34.5,北京,3-5年,大专,全职,Python|MySQL|Redis,150-500人,企业服务,民营|上市公司,10小时前,https://www.lagou.com/jobs/example.html
Python开发技术专家,金融科技公司,31k-37k,31,37,34.0,北京,1-3年,本科,全职,Python|MySQL|Redis,500-2000人,金融,民营|上市公司,10小时前,https://www.lagou.com/jobs/example.html
Python开发架构师,电商平台,31k-36k,31,36,33.5,北京,不限,不限,全职,Python|MySQL|Redis,2000人以上,电商,民营|上市公司,15小时前,https://www.lagou.com/jobs/example.html
Python开发高级工程师,创新型AI科技公司,30k-37k,30,37,33.5,北京,3-5年,大专,全职,Python|MySQL|Redis,150-500人,人工智能,民营|上市公司,1小时前,https://www.lagou.com/jobs/example.html
Python开发工程师,智能制造企业,29k-35k,29,35,32.0,北京,3-5年,大专,全职,Python|MySQL|Redis,500-2000人,智能制造,民营|上市公司,5小时前,https://www.lagou.com/jobs/example.html
Python开发架构师,医疗健康科技公司,27k-35k,27,35,31.0,北京,5-10年,硕士,全职,Python|MySQL|Redis,500-2000人,医疗,民营|上市公司,10小时前,https://www.lagou.com/jobs/example.html
Python开发后端开发,大数据公司,24k-38k,24,38,31.0,北京,1-3年,本科,全职,Python|MySQL|Redis,150-500人,大数据,民营|上市公司,9小时前,https://www.lagou.com/jobs/example.html
Python开发架构师,医疗健康科技公司,26k-35k,26,35,30.5,北京,1-3年,本科,全职,Python|MySQL|Redis,500-2000人,医疗,民营|上市公司,20小时前,https://www.lagou.com/jobs/example.html
Python开发技术专家,金融科技公司,24k-34k,24,34,29.0,北京,1-3年,本科,全职,Python|MySQL|Redis,500-2000人,金融,民营|上市公司,4小时前,https://www.lagou.com/jobs/example.html
Python开发后端开发,新兴互联网公司,21k-36k,21,36,28.5,北京,不限,不限,全职,Python|MySQL|Redis,50-150人,互联网,民营|上市公司,20小时前,https://www.lagou.com/jobs/example.html
Python开发工程师,某知名互联网大厂,25k-32k,25,32,28.5,北京,5-10年,硕士,全职,Python|MySQL|Redis,2000人以上,互联网,民营|上市公司,5小时前,https://www.lagou.com/jobs/example.html
Python开发高级工程师,创新型AI科技公司,21k-35k,21,35,28.0,北京,不限,不限,全职,Python|MySQL|Redis,150-500人,人工智能,民营|上市公司,21小时前,https://www.lagou.com/jobs/example.html
Python开发后端开发,大数据公司,25k-31k,25,31,28.0,北京,1-3年,本科,全职,Python|MySQL|Redis,150-500人,大数据,民营|上市公司,6小时前,https://www.lagou.com/jobs/example.html
Python开发架构师,医疗健康科技公司,25k-30k,25,30,27.5,北京,5-10年,硕士,全职,Python|MySQL|Redis,500-2000人,医疗,民营|上市公司,4小时前,https://www.lagou.com/jobs/example.html
Python开发工程师,智能制造企业,21k-34k,21,34,27.5,北京,3-5年,大专,全职,Python|MySQL|Redis,500-2000人,智能制造,民营|上市公司,21小时前,https://www.lagou.com/jobs/example.html
Python开发后端开发,大数据公司,21k-32k,21,32,26.5,北京,1-3年,本科,全职,Python|MySQL|Redis,150-500人,大数据,民营|上市公司,21小时前,https://www.lagou.com/jobs/example.html
Python开发工程师,某知名互联网大厂,20k-33k,20,33,26.5,北京,1-3年,本科,全职,Python|MySQL|Redis,2000人以上,互联网,民营|上市公司,4小时前,https://www.lagou.com/jobs/example.html
Python开发工程师,智能制造企业,24k-29k,24,29,26.5,北京,不限,不限,全职,Python|MySQL|Redis,500-2000人,智能制造,民营|上市公司,22小时前,https://www.lagou.com/jobs/example.html
Python开发高级工程师,在线教育平台,20k-31k,20,31,25.5,北京,1-3年,本科,全职,Python|MySQL|Redis,2000人以上,教育,民营|上市公司,10小时前,https://www.lagou.com/jobs/example.html
Python开发工程师,某知名互联网大厂,19k-32k,19,32,25.5,北京,1-3年,本科,全职,Python|MySQL|Redis,2000人以上,互联网,民营|上市公司,4小时前,https://www.lagou.com/jobs/example.html
Python开发后端开发,新兴互联网公司,21k-29k,21,29,25.0,北京,不限,不限,全职,Python|MySQL|Redis,50-150人,互联网,民营|上市公司,4小时前,https://www.lagou.com/jobs/example.html
Python开发技术专家,SaaS服务商,17k-30k,17,30,23.5,北京,3-5年,大专,全职,Python|MySQL|Redis,150-500人,企业服务,民营|上市公司,23小时前,https://www.lagou.com/jobs/example.html
Python开发工程师,某知名互联网大厂,21k-26k,21,26,23.5,北京,1-3年,本科,全职,Python|MySQL|Redis,2000人以上,互联网,民营|上市公司,18小时前,https://www.lagou.com/jobs/example.html
Python开发后端开发,大数据公司,17k-29k,17,29,23.0,北京,5-10年,硕士,全职,Python|MySQL|Redis,150-500人,大数据,民营|上市公司,17小时前,https://www.lagou.com/jobs/example.html
Python开发高级工程师,在线教育平台,16k-29k,16,29,22.5,北京,1-3年,本科,全职,Python|MySQL|Redis,2000人以上,教育,民营|上市公司,22小时前,https://www.lagou.com/jobs/example.html
Python开发技术专家,金融科技公司,16k-28k,16,28,22.0,北京,5-10年,硕士,全职,Python|MySQL|Redis,500-2000人,金融,民营|上市公司,1小时前,https://www.lagou.com/jobs/example.html
Python开发后端开发,新兴互联网公司,15k-27k,15,27,21.0,北京,3-5年,大专,全职,Python|MySQL|Redis,50-150人,互联网,民营|上市公司,11小时前,https://www.lagou.com/jobs/example.html
Python开发高级工程师,创新型AI科技公司,17k-23k,17,23,20.0,北京,3-5年,大专,全职,Python|MySQL|Redis,150-500人,人工智能,民营|上市公司,19小时前,https://www.lagou.com/jobs/example.html
Python开发高级工程师,创新型AI科技公司,15k-23k,15,23,19.0,北京,不限,不限,全职,Python|MySQL|Redis,150-500人,人工智能,民营|上市公司,9小时前,https://www.lagou.com/jobs/example.html
